model,W,x,s_exact_over_kB
stick,1,0.00000000,0.693147180560
stick,1,0.05000000,0.692740751738
stick,1,0.10000000,0.691457006284
stick,1,0.15000000,0.689197198432
stick,1,0.20000000,0.685861433224
stick,1,0.25000000,0.681351110470
stick,1,0.30000000,0.675571917133
stick,1,0.35000000,0.668437336496
stick,1,0.40000000,0.659872586127
stick,1,0.45000000,0.649818830129
stick,1,0.50000000,0.638237440589
stick,1,0.55000000,0.625114018110
stick,1,0.60000000,0.610461834180
stick,1,0.65000000,0.594324342106
stick,1,0.70000000,0.576776429566
stick,1,0.75000000,0.557924160240
stick,1,0.80000000,0.537902871773
stick,1,0.85000000,0.516873650036
stick,1,0.90000000,0.495018363988
stick,1,0.95000000,0.472533595590
stick,1,1.00000000,0.449623910183
stick,1,1.05000000,0.426494966650
stick,1,1.10000000,0.403346956762
stick,1,1.15000000,0.380368795037
stick,1,1.20000000,0.357733369835
stick,1,1.25000000,0.335594034702
stick,1,1.30000000,0.314082387770
stick,1,1.35000000,0.293307273858
stick,1,1.40000000,0.273354859793
stick,1,1.45000000,0.254289582259
stick,1,1.50000000,0.236155747252
stick,1,1.55000000,0.218979565027
stick,1,1.60000000,0.202771426904
stick,1,1.65000000,0.187528262823
stick,1,1.70000000,0.173235854814
stick,1,1.75000000,0.159871016909
stick,1,1.80000000,0.147403583477
stick,1,1.85000000,0.135798173991
stick,1,1.90000000,0.125015722507
stick,1,1.95000000,0.115014774851
stick,1,2.00000000,0.105752566513
stick,1,2.05000000,0.097185900341
stick,1,2.10000000,0.089271846290
stick,1,2.15000000,0.081968286404
stick,1,2.20000000,0.075234327747
stick,1,2.25000000,0.069030604518
stick,1,2.30000000,0.063319488591
stick,1,2.35000000,0.058065225516
stick,1,2.40000000,0.053234010728
stick,1,2.45000000,0.048794018560
stick,1,2.50000000,0.044715394623
stick,1,2.55000000,0.040970220348
stick,1,2.60000000,0.037532456892
stick,1,2.65000000,0.034377874255
stick,1,2.70000000,0.031483970305
stick,1,2.75000000,0.028829883450
stick,1,2.80000000,0.026396301854
stick,1,2.85000000,0.024165371501
stick,1,2.90000000,0.022120604792
stick,1,2.95000000,0.020246790986
stick,1,3.00000000,0.018529909417
stick,1,3.05000000,0.016957046140
stick,1,3.10000000,0.015516314448
stick,1,3.15000000,0.014196779530
stick,1,3.20000000,0.012988387390
stick,1,3.25000000,0.011881898078
stick,1,3.30000000,0.010868823162
stick,1,3.35000000,0.009941367371
stick,1,3.40000000,0.009092374235
stick,1,3.45000000,0.008315275581
stick,1,3.50000000,0.007604044677
stick,1,3.55000000,0.006953152845
stick,1,3.60000000,0.006357529323
stick,1,3.65000000,0.005812524190
stick,1,3.70000000,0.005313874147
stick,1,3.75000000,0.004857670964
stick,1,3.80000000,0.004440332410
stick,1,3.85000000,0.004058575479
stick,1,3.90000000,0.003709391756
stick,1,3.95000000,0.003390024760
stick,1,4.00000000,0.003097949109
stick,1,4.05000000,0.002830851374
stick,1,4.10000000,0.002586612494
stick,1,4.15000000,0.002363291614
stick,1,4.20000000,0.002159111257
stick,1,4.25000000,0.001972443708
stick,1,4.30000000,0.001801798513
stick,1,4.35000000,0.001645811015
stick,1,4.40000000,0.001503231834
stick,1,4.45000000,0.001372917213
stick,1,4.50000000,0.001253820171
stick,1,4.55000000,0.001144982383
stick,1,4.60000000,0.001045526737
stick,1,4.65000000,0.000954650512
stick,1,4.70000000,0.000871619121
stick,1,4.75000000,0.000795760375
stick,1,4.80000000,0.000726459228
stick,1,4.85000000,0.000663152958
stick,1,4.90000000,0.000605326756
stick,1,4.95000000,0.000552509676
stick,1,5.00000000,0.000504270930
stick,1,5.05000000,0.000460216492
stick,1,5.10000000,0.000419985985
stick,1,5.15000000,0.000383249833
stick,1,5.20000000,0.000349706648
stick,1,5.25000000,0.000319080841
stick,1,5.30000000,0.000291120428
stick,1,5.35000000,0.000265595026
stick,1,5.40000000,0.000242294018
stick,1,5.45000000,0.000221024869
stick,1,5.50000000,0.000201611584
stick,1,5.55000000,0.000183893303
stick,1,5.60000000,0.000167723006
stick,1,5.65000000,0.000152966334
stick,1,5.70000000,0.000139500504
stick,1,5.75000000,0.000127213323
stick,1,5.80000000,0.000116002281
stick,1,5.85000000,0.000105773720
stick,1,5.90000000,0.000096442075
stick,1,5.95000000,0.000087929184
stick,1,6.00000000,0.000080163650
stick,1,6.05000000,0.000073080256
stick,1,6.10000000,0.000066619442
stick,1,6.15000000,0.000060726812
stick,1,6.20000000,0.000055352691
stick,1,6.25000000,0.000050451719
stick,1,6.30000000,0.000045982478
stick,1,6.35000000,0.000041907153
stick,1,6.40000000,0.000038191220
stick,1,6.45000000,0.000034803161
stick,1,6.50000000,0.000031714206
stick,1,6.55000000,0.000028898094
stick,1,6.60000000,0.000026330854
stick,1,6.65000000,0.000023990609
stick,1,6.70000000,0.000021857395
stick,1,6.75000000,0.000019912991
stick,1,6.80000000,0.000018140773
stick,1,6.85000000,0.000016525570
stick,1,6.90000000,0.000015053542
stick,1,6.95000000,0.000013712059
stick,1,7.00000000,0.000012489602
stick,1,7.05000000,0.000011375662
stick,1,7.10000000,0.000010360651
stick,1,7.15000000,0.000009435826
stick,1,7.20000000,0.000008593212
stick,1,7.25000000,0.000007825533
stick,1,7.30000000,0.000007126158
stick,1,7.35000000,0.000006489035
stick,1,7.40000000,0.000005908649
stick,1,7.45000000,0.000005379970
stick,1,7.50000000,0.000004898412
stick,1,7.55000000,0.000004459792
stick,1,7.60000000,0.000004060299
stick,1,7.65000000,0.000003696457
stick,1,7.70000000,0.000003365097
stick,1,7.75000000,0.000003063333
stick,1,7.80000000,0.000002788532
stick,1,7.85000000,0.000002538293
stick,1,7.90000000,0.000002310431
stick,1,7.95000000,0.000002102953
stick,1,8.00000000,0.000001914042
stick,2,0.00000000,0.693147180560
stick,2,0.05000000,0.692945762066
stick,2,0.10000000,0.692315020287
stick,2,0.15000000,0.691210282070
stick,2,0.20000000,0.689579749275
stick,2,0.25000000,0.687363868630
stick,2,0.30000000,0.684494797237
stick,2,0.35000000,0.680896045251
stick,2,0.40000000,0.676482405569
stick,2,0.45000000,0.671160312205
stick,2,0.50000000,0.664828801182
stick,2,0.55000000,0.657381274316
stick,2,0.60000000,0.648708277801
stick,2,0.65000000,0.638701490518
stick,2,0.70000000,0.627259055219
stick,2,0.75000000,0.614292262734
stick,2,0.80000000,0.599733404644
stick,2,0.85000000,0.583544347992
stick,2,0.90000000,0.565725085481
stick,2,0.95000000,0.546321236333
stick,2,1.00000000,0.525429303185
stick,2,1.05000000,0.503198522584
stick,2,1.10000000,0.479828445198
stick,2,1.15000000,0.455561942699
stick,2,1.20000000,0.430674065861
stick,2,1.25000000,0.405457900125
stick,2,1.30000000,0.380209085728
stick,2,1.35000000,0.355210846149
stick,2,1.40000000,0.330721165955
stick,2,1.45000000,0.306963259308
stick,2,1.50000000,0.284119831962
stick,2,1.55000000,0.262331032081
stick,2,1.60000000,0.241695531825
stick,2,1.65000000,0.222273934316
stick,2,1.70000000,0.204093646136
stick,2,1.75000000,0.187154441651
stick,2,1.80000000,0.171434108630
stick,2,1.85000000,0.156893750207
stick,2,1.90000000,0.143482489071
stick,2,1.95000000,0.131141457012
stick,2,2.00000000,0.119807051300
stick,2,2.05000000,0.109413502260
stick,2,2.10000000,0.099894830836
stick,2,2.15000000,0.091186288981
stick,2,2.20000000,0.083225376446
stick,2,2.25000000,0.075952520449
stick,2,2.30000000,0.069311493867
stick,2,2.35000000,0.063249635487
stick,2,2.40000000,0.057717924096
stick,2,2.45000000,0.052670947613
stick,2,2.50000000,0.048066799324
stick,2,2.55000000,0.043866925756
stick,2,2.60000000,0.040035944615
stick,2,2.65000000,0.036541446367
stick,2,2.70000000,0.033353789312
stick,2,2.75000000,0.030445895076
stick,2,2.80000000,0.027793049300
stick,2,2.85000000,0.025372710657
stick,2,2.90000000,0.023164330134
stick,2,2.95000000,0.021149181646
stick,2,3.00000000,0.019310204417
stick,2,3.05000000,0.017631857149
stick,2,3.10000000,0.016099983674
stick,2,3.15000000,0.014701689629
stick,2,3.20000000,0.013425229532
stick,2,3.25000000,0.012259903623
stick,2,3.30000000,0.011195963752
stick,2,3.35000000,0.010224527646
stick,2,3.40000000,0.009337500876
stick,2,3.45000000,0.008527505871
stick,2,3.50000000,0.007787817392
stick,2,3.55000000,0.007112303878
stick,2,3.60000000,0.006495374152
stick,2,3.65000000,0.005931928993
stick,2,3.70000000,0.005417317134
stick,2,3.75000000,0.004947295277
stick,2,3.80000000,0.004517991756
stick,2,3.85000000,0.004125873496
stick,2,3.90000000,0.003767715988
stick,2,3.95000000,0.003440575976
stick,2,4.00000000,0.003141766612
stick,2,4.05000000,0.002868834855
stick,2,4.10000000,0.002619540901
stick,2,4.15000000,0.002391839455
stick,2,4.20000000,0.002183862686
stick,2,4.25000000,0.001993904691
stick,2,4.30000000,0.001820407351
stick,2,4.35000000,0.001661947438
stick,2,4.40000000,0.001517224862
stick,2,4.45000000,0.001385051962
stick,2,4.50000000,0.001264343733
stick,2,4.55000000,0.001154108919
stick,2,4.60000000,0.001053441880
stick,2,4.65000000,0.000961515182
stick,2,4.70000000,0.000877572824
stick,2,4.75000000,0.000800924062
stick,2,4.80000000,0.000730937768
stick,2,4.85000000,0.000667037285
stick,2,4.90000000,0.000608695720
stick,2,4.95000000,0.000555431657
stick,2,5.00000000,0.000506805227
stick,2,5.05000000,0.000462414532
stick,2,5.10000000,0.000421892372
stick,2,5.15000000,0.000384903252
stick,2,5.20000000,0.000351140652
stick,2,5.25000000,0.000320324531
stick,2,5.30000000,0.000292199046
stick,2,5.35000000,0.000266530467
stick,2,5.40000000,0.000243105273
stick,2,5.45000000,0.000221728411
stick,2,5.50000000,0.000202221703
stick,2,5.55000000,0.000184422393
stick,2,5.60000000,0.000168181818
stick,2,5.65000000,0.000153364192
stick,2,5.70000000,0.000139845498
stick,2,5.75000000,0.000127512470
stick,2,5.80000000,0.000116261666
stick,2,5.85000000,0.000105998622
stick,2,5.90000000,0.000096637073
stick,2,5.95000000,0.000088098250
stick,2,6.00000000,0.000080310226
stick,2,6.05000000,0.000073207332
stick,2,6.10000000,0.000066729608
stick,2,6.15000000,0.000060822315
stick,2,6.20000000,0.000055435480
stick,2,6.25000000,0.000050523484
stick,2,6.30000000,0.000046044686
stick,2,6.35000000,0.000041961074
stick,2,6.40000000,0.000038237957
stick,2,6.45000000,0.000034843669
stick,2,6.50000000,0.000031749315
stick,2,6.55000000,0.000028928521
stick,2,6.60000000,0.000026357223
stick,2,6.65000000,0.000024013461
stick,2,6.70000000,0.000021877198
stick,2,6.75000000,0.000019930152
stick,2,6.80000000,0.000018155644
stick,2,6.85000000,0.000016538455
stick,2,6.90000000,0.000015064706
stick,2,6.95000000,0.000013721732
stick,2,7.00000000,0.000012497983
stick,2,7.05000000,0.000011382923
stick,2,7.10000000,0.000010366942
stick,2,7.15000000,0.000009441276
stick,2,7.20000000,0.000008597933
stick,2,7.25000000,0.000007829623
stick,2,7.30000000,0.000007129700
stick,2,7.35000000,0.000006492104
stick,2,7.40000000,0.000005911307
stick,2,7.45000000,0.000005382272
stick,2,7.50000000,0.000004900405
stick,2,7.55000000,0.000004461519
stick,2,7.60000000,0.000004061794
stick,2,7.65000000,0.000003697752
stick,2,7.70000000,0.000003366219
stick,2,7.75000000,0.000003064304
stick,2,7.80000000,0.000002789373
stick,2,7.85000000,0.000002539022
stick,2,7.90000000,0.000002311062
stick,2,7.95000000,0.000002103499
stick,2,8.00000000,0.000001914514
stick,3,0.00000000,0.693147180560
stick,3,0.05000000,0.692962173516
stick,3,0.10000000,0.692395342850
stick,3,0.15000000,0.691426621577
stick,3,0.20000000,0.690032357386
stick,3,0.25000000,0.688184654346
stick,3,0.30000000,0.685850588943
stick,3,0.35000000,0.682991295730
stick,3,0.40000000,0.679560927366
stick,3,0.45000000,0.675505509454
stick,3,0.50000000,0.670761734992
stick,3,0.55000000,0.665255779712
stick,3,0.60000000,0.658902271562
stick,3,0.65000000,0.651603618390
stick,3,0.70000000,0.643249988090
stick,3,0.75000000,0.633720340739
stick,3,0.80000000,0.622885017599
stick,3,0.85000000,0.610610466044
stick,3,0.90000000,0.596766669032
stick,3,0.95000000,0.581237677169
stick,3,1.00000000,0.563935227400
stick,3,1.05000000,0.544814721390
stick,3,1.10000000,0.523891869139
stick,3,1.15000000,0.501257282349
stick,3,1.20000000,0.477085615338
stick,3,1.25000000,0.451635974843
stick,3,1.30000000,0.425241578288
stick,3,1.35000000,0.398288918706
stick,3,1.40000000,0.371189322353
stick,3,1.45000000,0.344347766931
stick,3,1.50000000,0.318134360458
stick,3,1.55000000,0.292862808485
stick,3,1.60000000,0.268778073939
stick,3,1.65000000,0.246053155453
stick,3,1.70000000,0.224793225171
stick,3,1.75000000,0.205044589779
stick,3,1.80000000,0.186805968036
stick,3,1.85000000,0.170040098462
stick,3,1.90000000,0.154684376535
stick,3,1.95000000,0.140659848510
stick,3,2.00000000,0.127878356457
stick,3,2.05000000,0.116247922218
stick,3,2.10000000,0.105676608008
stick,3,2.15000000,0.096075142952
stick,3,2.20000000,0.087358598026
stick,3,2.25000000,0.079447356327
stick,3,2.30000000,0.072267580143
stick,3,2.35000000,0.065751331447
stick,3,2.40000000,0.059836463255
stick,3,2.45000000,0.054466367244
stick,3,2.50000000,0.049589638152
stick,3,2.55000000,0.045159696697
stick,3,2.60000000,0.041134399038
stick,3,2.65000000,0.037475650923
stick,3,2.70000000,0.034149037769
stick,3,2.75000000,0.031123477114
stick,3,2.80000000,0.028370896669
stick,3,2.85000000,0.025865939057
stick,3,2.90000000,0.023585692977
stick,3,2.95000000,0.021509449685
stick,3,3.00000000,0.019618483225
stick,3,3.05000000,0.017895852602
stick,3,3.10000000,0.016326224020
stick,3,3.15000000,0.014895711320
stick,3,3.20000000,0.013591732855
stick,3,3.25000000,0.012402883129
stick,3,3.30000000,0.011318817679
stick,3,3.35000000,0.010330149812
stick,3,3.40000000,0.009428357925
stick,3,3.45000000,0.008605702297
stick,3,3.50000000,0.007855150324
stick,3,3.55000000,0.007170309299
stick,3,3.60000000,0.006545365936
stick,3,3.65000000,0.005975031918
stick,3,3.70000000,0.005454494827
stick,3,3.75000000,0.004979373902
stick,3,3.80000000,0.004545680108
stick,3,3.85000000,0.004149780079
stick,3,3.90000000,0.003788363529
stick,3,3.95000000,0.003458413780
stick,3,4.00000000,0.003157181093
stick,3,4.05000000,0.002882158515
stick,3,4.10000000,0.002631059994
stick,3,4.15000000,0.002401800538
stick,3,4.20000000,0.002192478218
stick,3,4.25000000,0.002001357825
stick,3,4.30000000,0.001826856041
stick,3,4.35000000,0.001667527956
stick,3,4.40000000,0.001522054815
stick,3,4.45000000,0.001389232884
stick,3,4.50000000,0.001267963307
stick,3,4.55000000,0.001157242887
stick,3,4.60000000,0.001056155693
stick,3,4.65000000,0.000963865407
stick,3,4.70000000,0.000879608364
stick,3,4.75000000,0.000802687203
stick,3,4.80000000,0.000732465083
stick,3,4.85000000,0.000668360411
stick,3,4.90000000,0.000609842031
stick,3,4.95000000,0.000556424839
stick,3,5.00000000,0.000507665782
stick,3,5.05000000,0.000463160207
stick,3,5.10000000,0.000422538530
stick,3,5.15000000,0.000385463195
stick,3,5.20000000,0.000351625900
stick,3,5.25000000,0.000320745061
stick,3,5.30000000,0.000292563498
stick,3,5.35000000,0.000266846326
stick,3,5.40000000,0.000243379023
stick,3,5.45000000,0.000221965669
stick,3,5.50000000,0.000202427336
stick,3,5.55000000,0.000184600617
stick,3,5.60000000,0.000168336288
stick,3,5.65000000,0.000153498075
stick,3,5.70000000,0.000139961537
stick,3,5.75000000,0.000127613043
stick,3,5.80000000,0.000116348834
stick,3,5.85000000,0.000106074171
stick,3,5.90000000,0.000096702552
stick,3,5.95000000,0.000088154999
stick,3,6.00000000,0.000080359410
stick,3,6.05000000,0.000073249958
stick,3,6.10000000,0.000066766551
stick,3,6.15000000,0.000060854331
stick,3,6.20000000,0.000055463226
stick,3,6.25000000,0.000050547530
stick,3,6.30000000,0.000046065523
stick,3,6.35000000,0.000041979132
stick,3,6.40000000,0.000038253605
stick,3,6.45000000,0.000034857229
stick,3,6.50000000,0.000031761065
stick,3,6.55000000,0.000028938703
stick,3,6.60000000,0.000026366045
stick,3,6.65000000,0.000024021105
stick,3,6.70000000,0.000021883821
stick,3,6.75000000,0.000019935890
stick,3,6.80000000,0.000018160615
stick,3,6.85000000,0.000016542763
stick,3,6.90000000,0.000015068438
stick,3,6.95000000,0.000013724965
stick,3,7.00000000,0.000012500784
stick,3,7.05000000,0.000011385349
stick,3,7.10000000,0.000010369043
stick,3,7.15000000,0.000009443096
stick,3,7.20000000,0.000008599509
stick,3,7.25000000,0.000007830989
stick,3,7.30000000,0.000007130883
stick,3,7.35000000,0.000006493128
stick,3,7.40000000,0.000005912194
stick,3,7.45000000,0.000005383041
stick,3,7.50000000,0.000004901071
stick,3,7.55000000,0.000004462095
stick,3,7.60000000,0.000004062293
stick,3,7.65000000,0.000003698184
stick,3,7.70000000,0.000003366593
stick,3,7.75000000,0.000003064629
stick,3,7.80000000,0.000002789653
stick,3,7.85000000,0.000002539265
stick,3,7.90000000,0.000002311272
stick,3,7.95000000,0.000002103681
stick,3,8.00000000,0.000001914672
stick,4,0.00000000,0.693147180560
stick,4,0.05000000,0.692969367392
stick,4,0.10000000,0.692427152283
stick,4,0.15000000,0.691505842919
stick,4,0.20000000,0.690188549180
stick,4,0.25000000,0.688455920961
stick,4,0.30000000,0.686285790869
stick,4,0.35000000,0.683652695605
stick,4,0.40000000,0.680527246130
stick,4,0.45000000,0.676875314246
stick,4,0.50000000,0.672657003244
stick,4,0.55000000,0.667825375074
stick,4,0.60000000,0.662324919530
stick,4,0.65000000,0.656089777426
stick,4,0.70000000,0.649041777557
stick,4,0.75000000,0.641088426870
stick,4,0.80000000,0.632121118027
stick,4,0.85000000,0.622014001554
stick,4,0.90000000,0.610624217814
stick,4,0.95000000,0.597794482669
stick,4,1.00000000,0.583359310170
stick,4,1.05000000,0.567156297554
stick,4,1.10000000,0.549043650435
stick,4,1.15000000,0.528924168739
stick,4,1.20000000,0.506773989086
stick,4,1.25000000,0.482671594196
stick,4,1.30000000,0.456819789466
stick,4,1.35000000,0.429552142044
stick,4,1.40000000,0.401317512265
stick,4,1.45000000,0.372642182367
stick,4,1.50000000,0.344076658196
stick,4,1.55000000,0.316139689629
stick,4,1.60000000,0.289272430008
stick,4,1.65000000,0.263811005113
stick,4,1.70000000,0.239978999590
stick,4,1.75000000,0.217895889042
stick,4,1.80000000,0.197594993049
stick,4,1.85000000,0.179044832429
stick,4,1.90000000,0.162169553919
stick,4,1.95000000,0.146866104609
stick,4,2.00000000,0.133017411610
stick,4,2.05000000,0.120501774802
stick,4,2.10000000,0.109199116667
stick,4,2.15000000,0.098994837685
stick,4,2.20000000,0.089781958930
stick,4,2.25000000,0.081462101800
stick,4,2.30000000,0.073945716455
stick,4,2.35000000,0.067151850995
stick,4,2.40000000,0.061007660207
stick,4,2.45000000,0.055447784374
stick,4,2.50000000,0.050413680692
stick,4,2.55000000,0.045852957339
stick,4,2.60000000,0.041718738805
stick,4,2.65000000,0.037969077280
stick,4,2.70000000,0.034566416336
stick,4,2.75000000,0.031477107910
stick,4,2.80000000,0.028670980662
stick,4,2.85000000,0.026120956175
stick,4,2.90000000,0.023802708780
stick,4,2.95000000,0.021694364592
stick,4,3.00000000,0.019776235469
stick,4,3.05000000,0.018030583880
stick,4,3.10000000,0.016441415016
stick,4,3.15000000,0.014994292865
stick,4,3.20000000,0.013676177329
stick,4,3.25000000,0.012475279810
stick,4,3.30000000,0.011380935021
stick,4,3.35000000,0.010383487039
stick,4,3.40000000,0.009474187885
stick,4,3.45000000,0.008645107136
stick,4,3.50000000,0.007889051251
stick,4,3.55000000,0.007199491478
stick,4,3.60000000,0.006570499344
stick,4,3.65000000,0.005996688855
stick,4,3.70000000,0.005473164651
stick,4,3.75000000,0.004995475441
stick,4,3.80000000,0.004559572146
stick,4,3.85000000,0.004161770216
stick,4,3.90000000,0.003798715688
stick,4,3.95000000,0.003467354572
stick,4,4.00000000,0.003164905226
stick,4,4.05000000,0.002888833390
stick,4,4.10000000,0.002636829622
stick,4,4.15000000,0.002406788877
stick,4,4.20000000,0.002196792018
stick,4,4.25000000,0.002005089065
stick,4,4.30000000,0.001830084007
stick,4,4.35000000,0.001670321022
stick,4,4.40000000,0.001524471970
stick,4,4.45000000,0.001391325035
stick,4,4.50000000,0.001269774406
stick,4,4.55000000,0.001158810892
stick,4,4.60000000,0.001057513392
stick,4,4.65000000,0.000965041136
stick,4,4.70000000,0.000880626613
stick,4,4.75000000,0.000803569146
stick,4,4.80000000,0.000733229031
stick,4,4.85000000,0.000669022200
stick,4,4.90000000,0.000610415363
stick,4,4.95000000,0.000556921568
stick,4,5.00000000,0.000508096167
stick,4,5.05000000,0.000463533128
stick,4,5.10000000,0.000422861674
stick,4,5.15000000,0.000385743218
stick,4,5.20000000,0.000351868564
stick,4,5.25000000,0.000320955357
stick,4,5.30000000,0.000292745748
stick,4,5.35000000,0.000267004275
stick,4,5.40000000,0.000243515913
stick,4,5.45000000,0.000222084310
stick,4,5.50000000,0.000202530161
stick,4,5.55000000,0.000184689737
stick,4,5.60000000,0.000168413529
stick,4,5.65000000,0.000153565020
stick,4,5.70000000,0.000140019560
stick,4,5.75000000,0.000127663332
stick,4,5.80000000,0.000116392420
stick,4,5.85000000,0.000106111947
stick,4,5.90000000,0.000096735292
stick,4,5.95000000,0.000088183375
stick,4,6.00000000,0.000080384003
stick,4,6.05000000,0.000073271272
stick,4,6.10000000,0.000066785023
stick,4,6.15000000,0.000060870340
stick,4,6.20000000,0.000055477100
stick,4,6.25000000,0.000050559553
stick,4,6.30000000,0.000046075942
stick,4,6.35000000,0.000041988161
stick,4,6.40000000,0.000038261429
stick,4,6.45000000,0.000034864009
stick,4,6.50000000,0.000031766940
stick,4,6.55000000,0.000028943793
stick,4,6.60000000,0.000026370456
stick,4,6.65000000,0.000024024927
stick,4,6.70000000,0.000021887133
stick,4,6.75000000,0.000019938759
stick,4,6.80000000,0.000018163101
stick,4,6.85000000,0.000016544916
stick,4,6.90000000,0.000015070303
stick,4,6.95000000,0.000013726581
stick,4,7.00000000,0.000012502184
stick,4,7.05000000,0.000011386562
stick,4,7.10000000,0.000010370094
stick,4,7.15000000,0.000009444007
stick,4,7.20000000,0.000008600298
stick,4,7.25000000,0.000007831672
stick,4,7.30000000,0.000007131475
stick,4,7.35000000,0.000006493640
stick,4,7.40000000,0.000005912638
stick,4,7.45000000,0.000005383425
stick,4,7.50000000,0.000004901404
stick,4,7.55000000,0.000004462383
stick,4,7.60000000,0.000004062543
stick,4,7.65000000,0.000003698400
stick,4,7.70000000,0.000003366780
stick,4,7.75000000,0.000003064791
stick,4,7.80000000,0.000002789794
stick,4,7.85000000,0.000002539386
stick,4,7.90000000,0.000002311378
stick,4,7.95000000,0.000002103772
stick,4,8.00000000,0.000001914751
L-shaped,1,0.00000000,1.386294361120
L-shaped,1,0.05000000,1.386216242223
L-shaped,1,0.10000000,1.385981958749
L-shaped,1,0.15000000,1.385591730196
L-shaped,1,0.20000000,1.385045921886
L-shaped,1,0.25000000,1.384345044205
L-shaped,1,0.30000000,1.383489751548
L-shaped,1,0.35000000,1.382480840957
L-shaped,1,0.40000000,1.381319250479
L-shaped,1,0.45000000,1.380006057237
L-shaped,1,0.50000000,1.378542475217
L-shaped,1,0.55000000,1.376929852793
L-shaped,1,0.60000000,1.375169669985
L-shaped,1,0.65000000,1.373263535471
L-shaped,1,0.70000000,1.371213183358
L-shaped,1,0.75000000,1.369020469717
L-shaped,1,0.80000000,1.366687368915
L-shaped,1,0.85000000,1.364215969729
L-shaped,1,0.90000000,1.361608471280
L-shaped,1,0.95000000,1.358867178783
L-shaped,1,1.00000000,1.355994499139
L-shaped,1,1.05000000,1.352992936378
L-shaped,1,1.10000000,1.349865086967
L-shaped,1,1.15000000,1.346613635006
L-shaped,1,1.20000000,1.343241347310
L-shaped,1,1.25000000,1.339751068420
L-shaped,1,1.30000000,1.336145715525
L-shaped,1,1.35000000,1.332428273338
L-shaped,1,1.40000000,1.328601788928
L-shaped,1,1.45000000,1.324669366521
L-shaped,1,1.50000000,1.320634162293
L-shaped,1,1.55000000,1.316499379165
L-shaped,1,1.60000000,1.312268261606
L-shaped,1,1.65000000,1.307944090475
L-shaped,1,1.70000000,1.303530177899
L-shaped,1,1.75000000,1.299029862208
L-shaped,1,1.80000000,1.294446502930
L-shaped,1,1.85000000,1.289783475873
L-shaped,1,1.90000000,1.285044168289
L-shaped,1,1.95000000,1.280231974136
L-shaped,1,2.00000000,1.275350289448
L-shaped,1,2.05000000,1.270402507824
L-shaped,1,2.10000000,1.265392016036
L-shaped,1,2.15000000,1.260322189774
L-shaped,1,2.20000000,1.255196389521
L-shaped,1,2.25000000,1.250017956582
L-shaped,1,2.30000000,1.244790209255
L-shaped,1,2.35000000,1.239516439154
L-shaped,1,2.40000000,1.234199907699
L-shaped,1,2.45000000,1.228843842754
L-shaped,1,2.50000000,1.223451435437
L-shaped,1,2.55000000,1.218025837095
L-shaped,1,2.60000000,1.212570156438
L-shaped,1,2.65000000,1.207087456849
L-shaped,1,2.70000000,1.201580753855
L-shaped,1,2.75000000,1.196053012770
L-shaped,1,2.80000000,1.190507146496
L-shaped,1,2.85000000,1.184946013502
L-shaped,1,2.90000000,1.179372415952
L-shaped,1,2.95000000,1.173789098001
L-shaped,1,3.00000000,1.168198744252
L-shaped,1,3.05000000,1.162603978362
L-shaped,1,3.10000000,1.157007361801
L-shaped,1,3.15000000,1.151411392766
L-shaped,1,3.20000000,1.145818505234
L-shaped,1,3.25000000,1.140231068153
L-shaped,1,3.30000000,1.134651384776
L-shaped,1,3.35000000,1.129081692128
L-shaped,1,3.40000000,1.123524160588
L-shaped,1,3.45000000,1.117980893611
L-shaped,1,3.50000000,1.112453927553
L-shaped,1,3.55000000,1.106945231618
L-shaped,1,3.60000000,1.101456707907
L-shaped,1,3.65000000,1.095990191575
L-shaped,1,3.70000000,1.090547451081
L-shaped,1,3.75000000,1.085130188536
L-shaped,1,3.80000000,1.079740040133
L-shaped,1,3.85000000,1.074378576660
L-shaped,1,3.90000000,1.069047304098
L-shaped,1,3.95000000,1.063747664285
L-shaped,1,4.00000000,1.058481035647
L-shaped,1,4.05000000,1.053248733997
L-shaped,1,4.10000000,1.048052013392
L-shaped,1,4.15000000,1.042892067037
L-shaped,1,4.20000000,1.037770028250
L-shaped,1,4.25000000,1.032686971466
L-shaped,1,4.30000000,1.027643913277
L-shaped,1,4.35000000,1.022641813520
L-shaped,1,4.40000000,1.017681576392
L-shaped,1,4.45000000,1.012764051593
L-shaped,1,4.50000000,1.007890035500
L-shaped,1,4.55000000,1.003060272357
L-shaped,1,4.60000000,0.998275455492
L-shaped,1,4.65000000,0.993536228541
L-shaped,1,4.70000000,0.988843186689
L-shaped,1,4.75000000,0.984196877927
L-shaped,1,4.80000000,0.979597804299
L-shaped,1,4.85000000,0.975046423177
L-shaped,1,4.90000000,0.970543148514
L-shaped,1,4.95000000,0.966088352118
L-shaped,1,5.00000000,0.961682364906
L-shaped,1,5.05000000,0.957325478166
L-shaped,1,5.10000000,0.953017944808
L-shaped,1,5.15000000,0.948759980603
L-shaped,1,5.20000000,0.944551765420
L-shaped,1,5.25000000,0.940393444446
L-shaped,1,5.30000000,0.936285129394
L-shaped,1,5.35000000,0.932226899697
L-shaped,1,5.40000000,0.928218803690
L-shaped,1,5.45000000,0.924260859770
L-shaped,1,5.50000000,0.920353057542
L-shaped,1,5.55000000,0.916495358945
L-shaped,1,5.60000000,0.912687699365
L-shaped,1,5.65000000,0.908929988713
L-shaped,1,5.70000000,0.905222112504
L-shaped,1,5.75000000,0.901563932893
L-shaped,1,5.80000000,0.897955289705
L-shaped,1,5.85000000,0.894396001440
L-shaped,1,5.90000000,0.890885866247
L-shaped,1,5.95000000,0.887424662887
L-shaped,1,6.00000000,0.884012151666
L-shaped,1,6.05000000,0.880648075348
L-shaped,1,6.10000000,0.877332160043
L-shaped,1,6.15000000,0.874064116073
L-shaped,1,6.20000000,0.870843638816
L-shaped,1,6.25000000,0.867670409525
L-shaped,1,6.30000000,0.864544096125
L-shaped,1,6.35000000,0.861464353986
L-shaped,1,6.40000000,0.858430826672
L-shaped,1,6.45000000,0.855443146675
L-shaped,1,6.50000000,0.852500936116
L-shaped,1,6.55000000,0.849603807431
L-shaped,1,6.60000000,0.846751364030
L-shaped,1,6.65000000,0.843943200944
L-shaped,1,6.70000000,0.841178905436
L-shaped,1,6.75000000,0.838458057605
L-shaped,1,6.80000000,0.835780230960
L-shaped,1,6.85000000,0.833144992978
L-shaped,1,6.90000000,0.830551905643
L-shaped,1,6.95000000,0.828000525962
L-shaped,1,7.00000000,0.825490406462
L-shaped,1,7.05000000,0.823021095673
L-shaped,1,7.10000000,0.820592138587
L-shaped,1,7.15000000,0.818203077101
L-shaped,1,7.20000000,0.815853450445
L-shaped,1,7.25000000,0.813542795589
L-shaped,1,7.30000000,0.811270647635
L-shaped,1,7.35000000,0.809036540192
L-shaped,1,7.40000000,0.806840005739
L-shaped,1,7.45000000,0.804680575963
L-shaped,1,7.50000000,0.802557782095
L-shaped,1,7.55000000,0.800471155218
L-shaped,1,7.60000000,0.798420226572
L-shaped,1,7.65000000,0.796404527838
L-shaped,1,7.70000000,0.794423591413
L-shaped,1,7.75000000,0.792476950664
L-shaped,1,7.80000000,0.790564140183
L-shaped,1,7.85000000,0.788684696018
L-shaped,1,7.90000000,0.786838155893
L-shaped,1,7.95000000,0.785024059427
L-shaped,1,8.00000000,0.783241948326
L-shaped,2,0.00000000,1.386294361120
L-shaped,2,0.05000000,1.386097111368
L-shaped,2,0.10000000,1.385497750015
L-shaped,2,0.15000000,1.384485200983
L-shaped,2,0.20000000,1.383048905712
L-shaped,2,0.25000000,1.381178901065
L-shaped,2,0.30000000,1.378865897959
L-shaped,2,0.35000000,1.376101359902
L-shaped,2,0.40000000,1.372877580632
L-shaped,2,0.45000000,1.369187759927
L-shaped,2,0.50000000,1.365026076676
L-shaped,2,0.55000000,1.360387758261
L-shaped,2,0.60000000,1.355269145286
L-shaped,2,0.65000000,1.349667750719
L-shaped,2,0.70000000,1.343582312532
L-shaped,2,0.75000000,1.337012838992
L-shaped,2,0.80000000,1.329960645793
L-shaped,2,0.85000000,1.322428384338
L-shaped,2,0.90000000,1.314420060572
L-shaped,2,0.95000000,1.305941043878
L-shaped,2,1.00000000,1.296998065684
L-shaped,2,1.05000000,1.287599207590
L-shaped,2,1.10000000,1.277753878936
L-shaped,2,1.15000000,1.267472783923
L-shaped,2,1.20000000,1.256767878530
L-shaped,2,1.25000000,1.245652317620
L-shaped,2,1.30000000,1.234140392794
L-shaped,2,1.35000000,1.222247461661
L-shaped,2,1.40000000,1.209989869314
L-shaped,2,1.45000000,1.197384862941
L-shaped,2,1.50000000,1.184450500529
L-shaped,2,1.55000000,1.171205554746
L-shaped,2,1.60000000,1.157669413087
L-shaped,2,1.65000000,1.143861975429
L-shaped,2,1.70000000,1.129803550110
L-shaped,2,1.75000000,1.115514749671
L-shaped,2,1.80000000,1.101016387329
L-shaped,2,1.85000000,1.086329375214
L-shaped,2,1.90000000,1.071474625340
L-shaped,2,1.95000000,1.056472954176
L-shaped,2,2.00000000,1.041344991617
L-shaped,2,2.05000000,1.026111095039
L-shaped,2,2.10000000,1.010791269018
L-shaped,2,2.15000000,0.995405091189
L-shaped,2,2.20000000,0.979971644615
L-shaped,2,2.25000000,0.964509456916
L-shaped,2,2.30000000,0.949036446318
L-shaped,2,2.35000000,0.933569874688
L-shaped,2,2.40000000,0.918126307511
L-shaped,2,2.45000000,0.902721580702
L-shaped,2,2.50000000,0.887370774070
L-shaped,2,2.55000000,0.872088191178
L-shaped,2,2.60000000,0.856887345297
L-shaped,2,2.65000000,0.841780951111
L-shaped,2,2.70000000,0.826780921779
L-shaped,2,2.75000000,0.811898370957
L-shaped,2,2.80000000,0.797143619352
L-shaped,2,2.85000000,0.782526205361
L-shaped,2,2.90000000,0.768054899379
L-shaped,2,2.95000000,0.753737721324
L-shaped,2,3.00000000,0.739581960960
L-shaped,2,3.05000000,0.725594200615
L-shaped,2,3.10000000,0.711780339895
L-shaped,2,3.15000000,0.698145622018
L-shaped,2,3.20000000,0.684694661433
L-shaped,2,3.25000000,0.671431472389
L-shaped,2,3.30000000,0.658359498158
L-shaped,2,3.35000000,0.645481640647
L-shaped,2,3.40000000,0.632800290147
L-shaped,2,3.45000000,0.620317355001
L-shaped,2,3.50000000,0.608034291000
L-shaped,2,3.55000000,0.595952130339
L-shaped,2,3.60000000,0.584071509977
L-shaped,2,3.65000000,0.572392699292
L-shaped,2,3.70000000,0.560915626914
L-shaped,2,3.75000000,0.549639906660
L-shaped,2,3.80000000,0.538564862494
L-shaped,2,3.85000000,0.527689552476
L-shaped,2,3.90000000,0.517012791641
L-shaped,2,3.95000000,0.506533173808
L-shaped,2,4.00000000,0.496249092285
L-shaped,2,4.05000000,0.486158759480
L-shaped,2,4.10000000,0.476260225414
L-shaped,2,4.15000000,0.466551395162
L-shaped,2,4.20000000,0.457030045223
L-shaped,2,4.25000000,0.447693838869
L-shaped,2,4.30000000,0.438540340467
L-shaped,2,4.35000000,0.429567028850
L-shaped,2,4.40000000,0.420771309731
L-shaped,2,4.45000000,0.412150527229
L-shaped,2,4.50000000,0.403701974523
L-shaped,2,4.55000000,0.395422903695
L-shaped,2,4.60000000,0.387310534783
L-shaped,2,4.65000000,0.379362064101
L-shaped,2,4.70000000,0.371574671852
L-shaped,2,4.75000000,0.363945529089
L-shaped,2,4.80000000,0.356471804045
L-shaped,2,4.85000000,0.349150667893
L-shaped,2,4.90000000,0.341979299950
L-shaped,2,4.95000000,0.334954892375
L-shaped,2,5.00000000,0.328074654392
L-shaped,2,5.05000000,0.321335816068
L-shaped,2,5.10000000,0.314735631685
L-shaped,2,5.15000000,0.308271382724
L-shaped,2,5.20000000,0.301940380502
L-shaped,2,5.25000000,0.295739968483
L-shaped,2,5.30000000,0.289667524283
L-shaped,2,5.35000000,0.283720461408
L-shaped,2,5.40000000,0.277896230730
L-shaped,2,5.45000000,0.272192321737
L-shaped,2,5.50000000,0.266606263568
L-shaped,2,5.55000000,0.261135625853
L-shaped,2,5.60000000,0.255778019378
L-shaped,2,5.65000000,0.250531096589
L-shaped,2,5.70000000,0.245392551952
L-shaped,2,5.75000000,0.240360122176
L-shaped,2,5.80000000,0.235431586327
L-shaped,2,5.85000000,0.230604765828
L-shaped,2,5.90000000,0.225877524362
L-shaped,2,5.95000000,0.221247767697
L-shaped,2,6.00000000,0.216713443428
L-shaped,2,6.05000000,0.212272540653
L-shaped,2,6.10000000,0.207923089597
L-shaped,2,6.15000000,0.203663161168
L-shaped,2,6.20000000,0.199490866484
L-shaped,2,6.25000000,0.195404356350
L-shaped,2,6.30000000,0.191401820706
L-shaped,2,6.35000000,0.187481488040
L-shaped,2,6.40000000,0.183641624788
L-shaped,2,6.45000000,0.179880534700
L-shaped,2,6.50000000,0.176196558201
L-shaped,2,6.55000000,0.172588071731
L-shaped,2,6.60000000,0.169053487082
L-shaped,2,6.65000000,0.165591250723
L-shaped,2,6.70000000,0.162199843122
L-shaped,2,6.75000000,0.158877778065
L-shaped,2,6.80000000,0.155623601979
L-shaped,2,6.85000000,0.152435893248
L-shaped,2,6.90000000,0.149313261540
L-shaped,2,6.95000000,0.146254347136
L-shaped,2,7.00000000,0.143257820260
L-shaped,2,7.05000000,0.140322380425
L-shaped,2,7.10000000,0.137446755780
L-shaped,2,7.15000000,0.134629702465
L-shaped,2,7.20000000,0.131870003980
L-shaped,2,7.25000000,0.129166470557
L-shaped,2,7.30000000,0.126517938554
L-shaped,2,7.35000000,0.123923269843
L-shaped,2,7.40000000,0.121381351225
L-shaped,2,7.45000000,0.118891093847
L-shaped,2,7.50000000,0.116451432633
L-shaped,2,7.55000000,0.114061325727
L-shaped,2,7.60000000,0.111719753945
L-shaped,2,7.65000000,0.109425720247
L-shaped,2,7.70000000,0.107178249210
L-shaped,2,7.75000000,0.104976386519
L-shaped,2,7.80000000,0.102819198469
L-shaped,2,7.85000000,0.100705771479
L-shaped,2,7.90000000,0.098635211617
L-shaped,2,7.95000000,0.096606644135
L-shaped,2,8.00000000,0.094619213015
L-shaped,3,0.00000000,1.386294361120
L-shaped,3,0.05000000,1.386112108099
L-shaped,3,0.10000000,1.385565812338
L-shaped,3,0.15000000,1.384656860339
L-shaped,3,0.20000000,1.383387551672
L-shaped,3,0.25000000,1.381761082238
L-shaped,3,0.30000000,1.379781521170
L-shaped,3,0.35000000,1.377453781702
L-shaped,3,0.40000000,1.374783586411
L-shaped,3,0.45000000,1.371777427291
L-shaped,3,0.50000000,1.368442521224
L-shaped,3,0.55000000,1.364786761409
L-shaped,3,0.60000000,1.360818665382
L-shaped,3,0.65000000,1.356547320273
L-shaped,3,0.70000000,1.351982325960
L-shaped,3,0.75000000,1.347133736775
L-shaped,3,0.80000000,1.342012002410
L-shaped,3,0.85000000,1.336627908656
L-shaped,3,0.90000000,1.330992518550
L-shaped,3,0.95000000,1.325117114506
L-shaped,3,1.00000000,1.319013141915
L-shaped,3,1.05000000,1.312692154683
L-shaped,3,1.10000000,1.306165763101
L-shaped,3,1.15000000,1.299445584384
L-shaped,3,1.20000000,1.292543196170
L-shaped,3,1.25000000,1.285470093193
L-shaped,3,1.30000000,1.278237647297
L-shaped,3,1.35000000,1.270857070916
L-shaped,3,1.40000000,1.263339384053
L-shaped,3,1.45000000,1.255695384798
L-shaped,3,1.50000000,1.247935623337
L-shaped,3,1.55000000,1.240070379392
L-shaped,3,1.60000000,1.232109642977
L-shaped,3,1.65000000,1.224063098360
L-shaped,3,1.70000000,1.215940111055
L-shaped,3,1.75000000,1.207749717685
L-shaped,3,1.80000000,1.199500618525
L-shaped,3,1.85000000,1.191201172527
L-shaped,3,1.90000000,1.182859394627
L-shaped,3,1.95000000,1.174482955129
L-shaped,3,2.00000000,1.166079180957
L-shaped,3,2.05000000,1.157655058581
L-shaped,3,2.10000000,1.149217238413
L-shaped,3,2.15000000,1.140772040493
L-shaped,3,2.20000000,1.132325461278
L-shaped,3,2.25000000,1.123883181375
L-shaped,3,2.30000000,1.115450574046
L-shaped,3,2.35000000,1.107032714344
L-shaped,3,2.40000000,1.098634388759
L-shaped,3,2.45000000,1.090260105218
L-shaped,3,2.50000000,1.081914103366
L-shaped,3,2.55000000,1.073600364990
L-shaped,3,2.60000000,1.065322624538
L-shaped,3,2.65000000,1.057084379607
L-shaped,3,2.70000000,1.048888901379
L-shaped,3,2.75000000,1.040739244910
L-shaped,3,2.80000000,1.032638259245
L-shaped,3,2.85000000,1.024588597297
L-shaped,3,2.90000000,1.016592725480
L-shaped,3,2.95000000,1.008652933044
L-shaped,3,3.00000000,1.000771341101
L-shaped,3,3.05000000,0.992949911336
L-shaped,3,3.10000000,0.985190454366
L-shaped,3,3.15000000,0.977494637768
L-shaped,3,3.20000000,0.969863993751
L-shaped,3,3.25000000,0.962299926485
L-shaped,3,3.30000000,0.954803719080
L-shaped,3,3.35000000,0.947376540233
L-shaped,3,3.40000000,0.940019450535
L-shaped,3,3.45000000,0.932733408452
L-shaped,3,3.50000000,0.925519276001
L-shaped,3,3.55000000,0.918377824107
L-shaped,3,3.60000000,0.911309737682
L-shaped,3,3.65000000,0.904315620413
L-shaped,3,3.70000000,0.897395999288
L-shaped,3,3.75000000,0.890551328862
L-shaped,3,3.80000000,0.883781995283
L-shaped,3,3.85000000,0.877088320091
L-shaped,3,3.90000000,0.870470563786
L-shaped,3,3.95000000,0.863928929210
L-shaped,3,4.00000000,0.857463564716
L-shaped,3,4.05000000,0.851074567168
L-shaped,3,4.10000000,0.844761984764
L-shaped,3,4.15000000,0.838525819694
L-shaped,3,4.20000000,0.832366030658
L-shaped,3,4.25000000,0.826282535234
L-shaped,3,4.30000000,0.820275212115
L-shaped,3,4.35000000,0.814343903225
L-shaped,3,4.40000000,0.808488415718
L-shaped,3,4.45000000,0.802708523872
L-shaped,3,4.50000000,0.797003970875
L-shaped,3,4.55000000,0.791374470529
L-shaped,3,4.60000000,0.785819708853
L-shaped,3,4.65000000,0.780339345615
L-shaped,3,4.70000000,0.774933015782
L-shaped,3,4.75000000,0.769600330899
L-shaped,3,4.80000000,0.764340880404
L-shaped,3,4.85000000,0.759154232878
L-shaped,3,4.90000000,0.754039937239
L-shaped,3,4.95000000,0.748997523881
L-shaped,3,5.00000000,0.744026505756
L-shaped,3,5.05000000,0.739126379420
L-shaped,3,5.10000000,0.734296626024
L-shaped,3,5.15000000,0.729536712264
L-shaped,3,5.20000000,0.724846091296
L-shaped,3,5.25000000,0.720224203607
L-shaped,3,5.30000000,0.715670477857
L-shaped,3,5.35000000,0.711184331680
L-shaped,3,5.40000000,0.706765172460
L-shaped,3,5.45000000,0.702412398070
L-shaped,3,5.50000000,0.698125397591
L-shaped,3,5.55000000,0.693903551993
L-shaped,3,5.60000000,0.689746234799
L-shaped,3,5.65000000,0.685652812719
L-shaped,3,5.70000000,0.681622646258
L-shaped,3,5.75000000,0.677655090311
L-shaped,3,5.80000000,0.673749494723
L-shaped,3,5.85000000,0.669905204838
L-shaped,3,5.90000000,0.666121562021
L-shaped,3,5.95000000,0.662397904163
L-shaped,3,6.00000000,0.658733566172
L-shaped,3,6.05000000,0.655127880433
L-shaped,3,6.10000000,0.651580177265
L-shaped,3,6.15000000,0.648089785347
L-shaped,3,6.20000000,0.644656032141
L-shaped,3,6.25000000,0.641278244289
L-shaped,3,6.30000000,0.637955747995
L-shaped,3,6.35000000,0.634687869399
L-shaped,3,6.40000000,0.631473934928
L-shaped,3,6.45000000,0.628313271638
L-shaped,3,6.50000000,0.625205207539
L-shaped,3,6.55000000,0.622149071909
L-shaped,3,6.60000000,0.619144195593
L-shaped,3,6.65000000,0.616189911288
L-shaped,3,6.70000000,0.613285553821
L-shaped,3,6.75000000,0.610430460407
L-shaped,3,6.80000000,0.607623970901
L-shaped,3,6.85000000,0.604865428039
L-shaped,3,6.90000000,0.602154177661
L-shaped,3,6.95000000,0.599489568932
L-shaped,3,7.00000000,0.596870954547
L-shaped,3,7.05000000,0.594297690924
L-shaped,3,7.10000000,0.591769138395
L-shaped,3,7.15000000,0.589284661377
L-shaped,3,7.20000000,0.586843628543
L-shaped,3,7.25000000,0.584445412978
L-shaped,3,7.30000000,0.582089392327
L-shaped,3,7.35000000,0.579774948934
L-shaped,3,7.40000000,0.577501469980
L-shaped,3,7.45000000,0.575268347597
L-shaped,3,7.50000000,0.573074978992
L-shaped,3,7.55000000,0.570920766551
L-shaped,3,7.60000000,0.568805117940
L-shaped,3,7.65000000,0.566727446199
L-shaped,3,7.70000000,0.564687169828
L-shaped,3,7.75000000,0.562683712870
L-shaped,3,7.80000000,0.560716504979
L-shaped,3,7.85000000,0.558784981492
L-shaped,3,7.90000000,0.556888583488
L-shaped,3,7.95000000,0.555026757842
L-shaped,3,8.00000000,0.553198957278
L-shaped,4,0.00000000,1.386294361120
L-shaped,4,0.05000000,1.386118593297
L-shaped,4,0.10000000,1.385591446035
L-shaped,4,0.15000000,1.384713367643
L-shaped,4,0.20000000,1.383485062289
L-shaped,4,0.25000000,1.381907453651
L-shaped,4,0.30000000,1.379981649648
L-shaped,4,0.35000000,1.377708908805
L-shaped,4,0.40000000,1.375090608768
L-shaped,4,0.45000000,1.372128217455
L-shaped,4,0.50000000,1.368823267285
L-shaped,4,0.55000000,1.365177332872
L-shaped,4,0.60000000,1.361192012525
L-shaped,4,0.65000000,1.356868913828
L-shaped,4,0.70000000,1.352209643536
L-shaped,4,0.75000000,1.347215801929
L-shaped,4,0.80000000,1.341888981737
L-shaped,4,0.85000000,1.336230771660
L-shaped,4,0.90000000,1.330242764459
L-shaped,4,0.95000000,1.323926569511
L-shaped,4,1.00000000,1.317283829684
L-shaped,4,1.05000000,1.310316242293
L-shaped,4,1.10000000,1.303025583871
L-shaped,4,1.15000000,1.295413738398
L-shaped,4,1.20000000,1.287482728594
L-shaped,4,1.25000000,1.279234749830
L-shaped,4,1.30000000,1.270672206151
L-shaped,4,1.35000000,1.261797747869
L-shaped,4,1.40000000,1.252614310154
L-shaped,4,1.45000000,1.243125152001
L-shaped,4,1.50000000,1.233333894949
L-shaped,4,1.55000000,1.223244560905
L-shaped,4,1.60000000,1.212861608416
L-shaped,4,1.65000000,1.202189966751
L-shaped,4,1.70000000,1.191235067153
L-shaped,4,1.75000000,1.180002870670
L-shaped,4,1.80000000,1.168499891988
L-shaped,4,1.85000000,1.156733218748
L-shaped,4,1.90000000,1.144710525900
L-shaped,4,1.95000000,1.132440084682
L-shaped,4,2.00000000,1.119930765930
L-shaped,4,2.05000000,1.107192037474
L-shaped,4,2.10000000,1.094233955482
L-shaped,4,2.15000000,1.081067149709
L-shaped,4,2.20000000,1.067702802690
L-shaped,4,2.25000000,1.054152623038
L-shaped,4,2.30000000,1.040428813060
L-shaped,4,2.35000000,1.026544031044
L-shaped,4,2.40000000,1.012511348617
L-shaped,4,2.45000000,0.998344203656
L-shaped,4,2.50000000,0.984056349313
L-shaped,4,2.55000000,0.969661799765
L-shaped,4,2.60000000,0.955174773322
L-shaped,4,2.65000000,0.940609633597
L-shaped,4,2.70000000,0.925980829414
L-shaped,4,2.75000000,0.911302834162
L-shaped,4,2.80000000,0.896590085290
L-shaped,4,2.85000000,0.881856924596
L-shaped,4,2.90000000,0.867117539963
L-shaped,4,2.95000000,0.852385909122
L-shaped,4,3.00000000,0.837675745975
L-shaped,4,3.05000000,0.823000449977
L-shaped,4,3.10000000,0.808373058981
L-shaped,4,3.15000000,0.793806205891
L-shaped,4,3.20000000,0.779312079407
L-shaped,4,3.25000000,0.764902389078
L-shaped,4,3.30000000,0.750588334781
L-shaped,4,3.35000000,0.736380580719
L-shaped,4,3.40000000,0.722289233940
L-shaped,4,3.45000000,0.708323827317
L-shaped,4,3.50000000,0.694493306916
L-shaped,4,3.55000000,0.680806023563
L-shaped,4,3.60000000,0.667269728462
L-shaped,4,3.65000000,0.653891572609
L-shaped,4,3.70000000,0.640678109764
L-shaped,4,3.75000000,0.627635302711
L-shaped,4,3.80000000,0.614768532510
L-shaped,4,3.85000000,0.602082610448
L-shaped,4,3.90000000,0.589581792389
L-shaped,4,3.95000000,0.577269795215
L-shaped,4,4.00000000,0.565149815071
L-shaped,4,4.05000000,0.553224547121
L-shaped,4,4.10000000,0.541496206534
L-shaped,4,4.15000000,0.529966550445
L-shaped,4,4.20000000,0.518636900642
L-shaped,4,4.25000000,0.507508166748
L-shaped,4,4.30000000,0.496580869683
L-shaped,4,4.35000000,0.485855165221
L-shaped,4,4.40000000,0.475330867467
L-shaped,4,4.45000000,0.465007472092
L-shaped,4,4.50000000,0.454884179202
L-shaped,4,4.55000000,0.444959915711
L-shaped,4,4.60000000,0.435233357126
L-shaped,4,4.65000000,0.425702948659
L-shaped,4,4.70000000,0.416366925589
L-shaped,4,4.75000000,0.407223332825
L-shaped,4,4.80000000,0.398270043630
L-shaped,4,4.85000000,0.389504777466
L-shaped,4,4.90000000,0.380925116952
L-shaped,4,4.95000000,0.372528523908
L-shaped,4,5.00000000,0.364312354503
L-shaped,4,5.05000000,0.356273873495
L-shaped,4,5.10000000,0.348410267583
L-shaped,4,5.15000000,0.340718657883
L-shaped,4,5.20000000,0.333196111554
L-shaped,4,5.25000000,0.325839652596
L-shaped,4,5.30000000,0.318646271851
L-shaped,4,5.35000000,0.311612936226
L-shaped,4,5.40000000,0.304736597191
L-shaped,4,5.45000000,0.298014198564
L-shaped,4,5.50000000,0.291442683632
L-shaped,4,5.55000000,0.285019001632
L-shaped,4,5.60000000,0.278740113643
L-shaped,4,5.65000000,0.272602997893
L-shaped,4,5.70000000,0.266604654557
L-shaped,4,5.75000000,0.260742110037
L-shaped,4,5.80000000,0.255012420790
L-shaped,4,5.85000000,0.249412676713
L-shaped,4,5.90000000,0.243940004125
L-shaped,4,5.95000000,0.238591568380
L-shaped,4,6.00000000,0.233364576122
L-shaped,4,6.05000000,0.228256277228
L-shaped,4,6.10000000,0.223263966451
L-shaped,4,6.15000000,0.218384984793
L-shaped,4,6.20000000,0.213616720627
L-shaped,4,6.25000000,0.208956610592
L-shaped,4,6.30000000,0.204402140281
L-shaped,4,6.35000000,0.199950844738
L-shaped,4,6.40000000,0.195600308781
L-shaped,4,6.45000000,0.191348167178
L-shaped,4,6.50000000,0.187192104675
L-shaped,4,6.55000000,0.183129855896
L-shaped,4,6.60000000,0.179159205142
L-shaped,4,6.65000000,0.175277986075
L-shaped,4,6.70000000,0.171484081326
L-shaped,4,6.75000000,0.167775422010
L-shaped,4,6.80000000,0.164149987184
L-shaped,4,6.85000000,0.160605803236
L-shaped,4,6.90000000,0.157140943228
L-shaped,4,6.95000000,0.153753526185
L-shaped,4,7.00000000,0.150441716355
L-shaped,4,7.05000000,0.147203722429
L-shaped,4,7.10000000,0.144037796738
L-shaped,4,7.15000000,0.140942234429
L-shaped,4,7.20000000,0.137915372620
L-shaped,4,7.25000000,0.134955589545
L-shaped,4,7.30000000,0.132061303690
L-shaped,4,7.35000000,0.129230972922
L-shaped,4,7.40000000,0.126463093613
L-shaped,4,7.45000000,0.123756199770
L-shaped,4,7.50000000,0.121108862162
L-shaped,4,7.55000000,0.118519687451
L-shaped,4,7.60000000,0.115987317334
L-shaped,4,7.65000000,0.113510427692
L-shaped,4,7.70000000,0.111087727740
L-shaped,4,7.75000000,0.108717959203
L-shaped,4,7.80000000,0.106399895489
L-shaped,4,7.85000000,0.104132340885
L-shaped,4,7.90000000,0.101914129761
L-shaped,4,7.95000000,0.099744125790
L-shaped,4,8.00000000,0.097621221184
