eps_a,eps_c,event,spin,bin,min_fpp,phi_min_fpp,n_valid,n_phi,n_success,max_res,valid_solver,valid_spinodal
0.0,0.0,0,0,0,2.434641,0.3432,46,51,46,0.098,True,False
0.210526,0.0,0,0,0,2.294706,0.3432,46,51,46,0.098,True,False
0.421053,0.0,0,0,0,2.143106,0.3432,46,51,46,0.098,True,False
0.631579,0.0,0,0,0,1.980083,0.3628,46,51,46,0.098,True,False
0.842105,0.0,0,0,0,1.809916,0.3628,46,51,46,0.098,True,False
1.05263,0.0,0,0,0,1.637244,0.3628,46,51,46,0.098,True,False
1.26316,0.0,0,0,0,1.464386,0.3824,46,51,46,0.098,True,False
1.47368,0.0,0,0,0,1.292429,0.3824,46,51,46,0.098,True,False
1.68421,0.0,0,0,0,1.12615,0.3824,46,51,46,0.098,True,False
1.89474,0.0,0,0,0,0.9680687,0.3824,46,51,46,0.098,True,False
2.10526,0.0,0,0,0,0.8199797,0.3628,46,51,46,0.098,True,False
2.31579,0.0,0,0,0,0.6824181,0.3628,44,51,44,0.098,True,False
2.52632,0.0,0,0,0,0.5576269,0.3432,43,51,43,0.098,True,False
2.73684,0.0,0,0,0,0.4472013,0.3432,47,51,47,0.0196,True,False
2.94737,0.0,0,0,0,0.3455511,0.3236,48,51,48,0.0196,True,False
3.15789,0.0,0,0,0,0.2480506,0.2844,44,51,44,0.0196,True,False
3.36842,0.0,0,0,0,,,1,51,1,0.5872,False,False
3.57895,0.0,0,0,0,0.07586117,0.1668,42,51,42,0.0196,True,False
3.78947,0.0,1,1,0,-0.01035399,0.108,40,51,40,0.0196,True,True
4.0,0.0,1,1,1,-0.06252289,0.108,39,51,39,0.0196,True,True
0.0,0.0526316,0,0,0,2.301855,0.3432,46,51,46,0.098,True,False
0.210526,0.0526316,0,0,0,2.163568,0.3432,46,51,46,0.098,True,False
0.421053,0.0526316,0,0,0,2.011019,0.3628,46,51,46,0.098,True,False
0.631579,0.0526316,0,0,0,1.84846,0.3628,46,51,46,0.098,True,False
0.842105,0.0526316,0,0,0,1.680873,0.3628,46,51,46,0.098,True,False
1.05263,0.0526316,0,0,0,1.509304,0.3824,46,51,46,0.098,True,False
1.26316,0.0526316,0,0,0,1.337387,0.3824,46,51,46,0.098,True,False
1.47368,0.0526316,0,0,0,1.169258,0.3824,46,51,46,0.098,True,False
1.68421,0.0526316,0,0,0,1.007705,0.3824,46,51,46,0.098,True,False
1.89474,0.0526316,0,0,0,0.8552033,0.3824,46,51,46,0.098,True,False
2.10526,0.0526316,0,0,0,0.7113964,0.3628,43,51,43,0.098,True,False
2.31579,0.0526316,0,0,0,0.583688,0.3628,44,51,44,0.098,True,False
2.52632,0.0526316,0,0,0,0.4705772,0.3628,46,51,46,0.01608,True,False
2.73684,0.0526316,0,0,0,0.3613875,0.3236,48,51,48,0.01273,True,False
2.94737,0.0526316,0,0,0,0.2654348,0.304,47,51,47,0.006002,True,False
3.15789,0.0526316,0,0,0,0.1778078,0.2648,47,51,47,0.01541,True,False
3.36842,0.0526316,0,0,0,0.08781387,0.206,43,51,43,0.0196,True,False
3.57895,0.0526316,1,1,0,-0.001201528,0.108,43,51,43,0.0196,True,True
3.78947,0.0526316,1,1,1,-0.07848937,0.0688,45,51,45,0.0196,True,True
4.0,0.0526316,1,1,1,-0.1169704,0.108,39,51,39,0.0196,True,True
0.0,0.105263,0,0,0,2.17041,0.3432,46,51,46,0.098,True,False
0.210526,0.105263,0,0,0,2.030457,0.3628,46,51,46,0.098,True,False
0.421053,0.105263,0,0,0,1.877814,0.3628,46,51,46,0.098,True,False
0.631579,0.105263,0,0,0,1.717391,0.3628,46,51,46,0.098,True,False
0.842105,0.105263,0,0,0,1.549452,0.3824,46,51,46,0.098,True,False
1.05263,0.105263,0,0,0,1.379374,0.3824,46,51,46,0.098,True,False
1.26316,0.105263,0,0,0,1.210895,0.3824,46,51,46,0.098,True,False
1.47368,0.105263,0,0,0,1.046849,0.3824,46,51,46,0.098,True,False
1.68421,0.105263,0,0,0,0.8902975,0.3824,46,51,46,0.098,True,False
1.89474,0.105263,0,0,0,0.7440175,0.3824,46,51,46,0.098,True,False
2.10526,0.105263,0,0,0,0.6088968,0.3628,44,51,44,0.098,True,False
2.31579,0.105263,0,0,0,0.4877844,0.3628,44,51,44,0.098,True,False
2.52632,0.105263,0,0,0,0.3809087,0.3432,46,51,46,0.0196,True,False
2.73684,0.105263,0,0,0,0.2800469,0.304,48,51,48,0.007799,True,False
2.94737,0.105263,0,0,0,0.1893159,0.2844,47,51,47,0.0196,True,False
3.15789,0.105263,0,0,0,0.1034118,0.2452,46,51,46,0.0196,True,False
3.36842,0.105263,0,0,0,,,0,51,0,0.5247,False,False
3.57895,0.105263,0,0,0,,,0,51,0,0.6385,False,False
3.78947,0.105263,1,1,1,-0.1476477,0.0884,40,51,40,0.0196,True,True
4.0,0.105263,0,0,0,,,1,51,1,0.3807,False,False
0.0,0.157895,0,0,0,2.037002,0.3628,46,51,46,0.098,True,False
0.210526,0.157895,0,0,0,1.896295,0.3628,46,51,46,0.098,True,False
0.421053,0.157895,0,0,0,1.745227,0.3628,46,51,46,0.098,True,False
0.631579,0.157895,0,0,0,1.583339,0.3824,46,51,46,0.098,True,False
0.842105,0.157895,0,0,0,1.41696,0.3824,46,51,46,0.098,True,False
1.05263,0.157895,0,0,0,1.249738,0.3824,46,51,46,0.098,True,False
1.26316,0.157895,0,0,0,1.084866,0.3824,46,51,46,0.098,True,False
1.47368,0.157895,0,0,0,0.9252525,0.3824,46,51,46,0.098,True,False
1.68421,0.157895,0,0,0,0.7743798,0.3824,46,51,46,0.098,True,False
1.89474,0.157895,0,0,0,0.6352303,0.3824,45,51,45,0.098,True,False
2.10526,0.157895,0,0,0,0.5086693,0.3628,44,51,44,0.098,True,False
2.31579,0.157895,0,0,0,0.3807883,0.304,35,51,35,0.098,True,False
2.52632,0.157895,0,0,0,0.2925841,0.3236,49,51,49,0.008923,True,False
2.73684,0.157895,0,0,0,0.2002568,0.2844,47,51,47,0.0008307,True,False
2.94737,0.157895,0,0,0,0.1092015,0.2648,47,51,47,0.0196,True,False
3.15789,0.157895,0,0,0,0.02516479,0.206,46,51,46,0.0183,True,False
3.36842,0.157895,1,1,1,-0.07064716,0.108,43,51,43,0.0196,True,True
3.57895,0.157895,1,1,1,-0.1674013,0.0688,41,51,41,0.0196,True,True
3.78947,0.157895,1,1,1,-0.1957408,0.108,41,51,41,0.04394,True,True
4.0,0.157895,1,1,1,-0.1649453,0.1668,40,51,40,0.0196,True,True
0.0,0.210526,0,0,0,1.902509,0.3628,46,51,46,0.098,True,False
0.210526,0.210526,0,0,0,1.762772,0.3628,46,51,46,0.098,True,False
0.421053,0.210526,0,0,0,1.609252,0.3824,46,51,46,0.098,True,False
0.631579,0.210526,0,0,0,1.448713,0.3824,46,51,46,0.098,True,False
0.842105,0.210526,0,0,0,1.284756,0.3824,46,51,46,0.098,True,False
1.05263,0.210526,0,0,0,1.119026,0.402,46,51,46,0.098,True,False
1.26316,0.210526,0,0,0,0.957703,0.402,46,51,46,0.098,True,False
1.47368,0.210526,0,0,0,0.8041667,0.402,46,51,46,0.098,True,False
1.68421,0.210526,0,0,0,0.6607593,0.3824,46,51,46,0.098,True,False
1.89474,0.210526,0,0,0,0.5286169,0.3824,44,51,44,0.098,True,False
2.10526,0.210526,0,0,0,0.4097885,0.3628,44,51,44,0.098,True,False
2.31579,0.210526,0,0,0,0.3065371,0.3432,48,51,48,0.01619,True,False
2.52632,0.210526,0,0,0,0.2093621,0.304,49,51,49,0.0002224,True,False
2.73684,0.210526,0,0,0,0.1176122,0.2844,49,51,49,0.009203,True,False
2.94737,0.210526,0,0,0,0.03275398,0.2256,47,51,47,0.0196,True,False
3.15789,0.210526,1,1,1,-0.06464348,0.1276,46,51,46,0.0196,True,True
3.36842,0.210526,0,0,0,,,0,51,0,0.6685,False,False
3.57895,0.210526,1,1,1,-0.2484066,0.0688,44,51,44,0.0196,True,True
3.78947,0.210526,0,0,0,,,1,51,1,0.4624,False,False
4.0,0.210526,0,0,0,,,1,51,1,0.7139,False,False
0.0,0.263158,0,0,0,1.768704,0.3628,46,51,46,0.098,True,False
0.210526,0.263158,0,0,0,1.625688,0.3824,46,51,46,0.098,True,False
0.421053,0.263158,0,0,0,1.4731,0.3824,46,51,46,0.098,True,False
0.631579,0.263158,0,0,0,1.313768,0.402,46,51,46,0.098,True,False
0.842105,0.263158,0,0,0,1.150044,0.402,46,51,46,0.098,True,False
1.05263,0.263158,0,0,0,0.9883417,0.402,46,51,46,0.098,True,False
1.26316,0.263158,0,0,0,0.8323038,0.402,46,51,46,0.098,True,False
1.47368,0.263158,0,0,0,0.6855501,0.402,45,51,45,0.098,True,False
1.68421,0.263158,0,0,0,0.5499319,0.3824,46,51,46,0.098,True,False
1.89474,0.263158,0,0,0,0.4272906,0.3628,44,51,44,0.098,True,False
2.10526,0.263158,0,0,0,0.31614,0.3432,44,51,44,0.098,True,False
2.31579,0.263158,0,0,0,0.2174348,0.3236,48,51,48,0.01611,True,False
2.52632,0.263158,0,0,0,0.1252135,0.2844,48,51,48,0.0002498,True,False
2.73684,0.263158,0,0,0,0.03683436,0.2648,48,51,48,0.002343,True,False
2.94737,0.263158,1,1,1,-0.05753805,0.1668,47,51,47,0.0196,True,True
3.15789,0.263158,1,1,1,-0.1693757,0.0884,44,51,44,0.0196,True,True
3.36842,0.263158,0,0,0,,,0,51,0,0.6163,False,False
3.57895,0.263158,1,1,1,-0.3270783,0.0688,41,51,41,0.0196,True,True
3.78947,0.263158,1,1,1,-0.07005646,0.3236,32,51,32,0.105,False,False
4.0,0.263158,1,1,1,-0.279531,0.1472,42,51,42,0.02812,True,True
0.0,0.315789,0,0,0,1.631299,0.3824,46,51,46,0.098,True,False
0.210526,0.315789,0,0,0,1.488614,0.3824,46,51,46,0.098,True,False
0.421053,0.315789,0,0,0,1.33602,0.402,46,51,46,0.098,True,False
0.631579,0.315789,0,0,0,1.176612,0.402,46,51,46,0.098,True,False
0.842105,0.315789,0,0,0,1.016333,0.402,46,51,46,0.098,True,False
1.05263,0.315789,0,0,0,0.8591735,0.402,46,51,46,0.098,True,False
1.26316,0.315789,0,0,0,0.7092601,0.402,46,51,46,0.098,True,False
1.47368,0.315789,0,0,0,0.57052,0.402,45,51,45,0.098,True,False
1.68421,0.315789,0,0,0,0.4420029,0.3824,44,51,44,0.098,True,False
1.89474,0.315789,0,0,0,0.3281303,0.3628,44,51,44,0.098,True,False
2.10526,0.315789,0,0,0,0.2100121,0.2648,37,51,37,0.1158,False,False
2.31579,0.315789,0,0,0,0.130518,0.304,47,51,47,0.01604,True,False
2.52632,0.315789,0,0,0,0.03869223,0.2648,48,51,48,0.0196,True,False
2.73684,0.315789,1,1,1,-0.05099879,0.206,48,51,48,0.0196,True,True
2.94737,0.315789,1,1,1,-0.1606408,0.0884,45,51,45,0.0196,True,True
3.15789,0.315789,1,1,1,-0.2738276,0.0688,44,51,44,0.0196,True,True
3.36842,0.315789,0,0,0,,,0,51,0,0.7844,False,False
3.57895,0.315789,0,0,0,,,0,51,0,1.243,False,False
3.78947,0.315789,0,0,0,,,0,51,0,0.6747,False,False
4.0,0.315789,0,0,0,,,0,51,0,0.6763,False,False
0.0,0.368421,0,0,0,1.493963,0.3824,46,51,46,0.098,True,False
0.210526,0.368421,0,0,0,1.350272,0.402,46,51,46,0.098,True,False
0.421053,0.368421,0,0,0,1.197123,0.402,46,51,46,0.098,True,False
0.631579,0.368421,0,0,0,1.040443,0.402,46,51,46,0.098,True,False
0.842105,0.368421,0,0,0,0.8840165,0.402,46,51,46,0.098,True,False
1.05263,0.368421,0,0,0,0.731127,0.402,45,51,45,0.098,True,False
1.26316,0.368421,0,0,0,0.5885938,0.402,45,51,45,0.098,True,False
1.47368,0.368421,0,0,0,0.4580143,0.3824,45,51,45,0.098,True,False
1.68421,0.368421,0,0,0,0.340234,0.3628,45,51,45,0.098,True,False
1.89474,0.368421,0,0,0,0.2315564,0.3432,44,51,44,0.098,True,False
2.10526,0.368421,0,0,0,0.4676511,0.598,20,51,20,0.1897,False,False
2.31579,0.368421,0,0,0,0.0421485,0.2844,47,51,47,0.01929,True,False
2.52632,0.368421,1,1,1,-0.05442614,0.206,47,51,47,0.0196,True,True
2.73684,0.368421,1,1,1,-0.1548227,0.1276,46,51,46,0.0196,True,True
2.94737,0.368421,1,1,1,-0.2772505,0.0688,45,51,45,0.0196,True,True
3.15789,0.368421,1,1,1,-0.3708799,0.0688,45,51,45,0.0196,True,True
3.36842,0.368421,1,1,1,-0.4389259,0.0688,44,51,44,0.0196,True,True
3.57895,0.368421,0,0,0,,,1,51,1,1.183,False,False
3.78947,0.368421,1,1,1,-0.5218087,0.0688,43,51,43,0.03607,True,True
4.0,0.368421,1,1,1,-0.1426916,0.3236,33,51,33,0.1024,False,False
0.0,0.421053,0,0,0,1.355189,0.402,46,51,46,0.098,True,False
0.210526,0.421053,0,0,0,1.210392,0.402,46,51,46,0.098,True,False
0.421053,0.421053,0,0,0,1.05924,0.402,46,51,46,0.098,True,False
0.631579,0.421053,0,0,0,0.90519,0.4216,46,51,46,0.098,True,False
0.842105,0.421053,0,0,0,0.753517,0.4216,46,51,46,0.098,True,False
1.05263,0.421053,0,0,0,0.6086808,0.402,45,51,45,0.098,True,False
1.26316,0.421053,0,0,0,0.4744435,0.402,45,51,45,0.098,True,False
1.47368,0.421053,0,0,0,0.3510179,0.3824,45,51,45,0.098,True,False
1.68421,0.421053,0,0,0,0.2397292,0.3432,44,51,44,0.098,True,False
1.89474,0.421053,0,0,0,0.1556325,0.3432,33,51,33,0.1181,False,False
2.10526,0.421053,0,0,0,0.04765077,0.2844,48,51,48,0.0196,True,False
2.31579,0.421053,1,1,1,-0.04436453,0.2452,49,51,49,0.0196,True,True
2.52632,0.421053,1,1,1,-0.1520184,0.1472,45,51,45,0.0196,True,True
2.73684,0.421053,1,1,1,-0.2790795,0.0688,45,51,45,0.0196,True,True
2.94737,0.421053,1,1,1,-0.3894492,0.0688,45,51,45,0.0196,True,True
3.15789,0.421053,1,1,1,-0.4199389,0.0884,44,51,44,0.0196,True,True
3.36842,0.421053,0,0,0,,,1,51,1,1.901,False,False
3.57895,0.421053,0,0,0,,,1,51,1,0.6863,False,False
3.78947,0.421053,0,0,0,,,1,51,1,1.13,False,False
4.0,0.421053,0,0,0,,,0,51,0,0.7084,False,False
0.0,0.473684,0,0,0,1.214934,0.402,46,51,46,0.098,True,False
0.210526,0.473684,0,0,0,1.071375,0.402,46,51,46,0.098,True,False
0.421053,0.473684,0,0,0,0.9212753,0.4216,46,51,46,0.098,True,False
0.631579,0.473684,0,0,0,0.7712822,0.4216,46,51,46,0.098,True,False
0.842105,0.473684,0,0,0,0.6262425,0.4216,46,51,46,0.098,True,False
1.05263,0.473684,0,0,0,0.4892095,0.402,46,51,46,0.098,True,False
1.26316,0.473684,0,0,0,0.3637529,0.3824,46,51,46,0.098,True,False
1.47368,0.473684,0,0,0,0.2491715,0.3628,45,51,45,0.098,True,False
1.68421,0.473684,0,0,0,0.1424989,0.3236,44,51,44,0.098,True,False
1.89474,0.473684,0,0,0,0.4212169,0.6176,19,51,19,0.1394,False,False
2.10526,0.473684,1,1,1,-0.04323711,0.2452,46,51,46,0.0196,True,True
2.31579,0.473684,1,1,1,-0.1458687,0.1864,47,51,47,0.0001292,True,True
2.52632,0.473684,1,1,1,-0.279664,0.0688,47,51,47,0.0196,True,True
2.73684,0.473684,1,1,1,-0.3869377,0.0884,45,51,45,0.0196,True,True
2.94737,0.473684,1,1,1,-0.484838,0.0688,44,51,44,0.0196,True,True
3.15789,0.473684,0,0,0,,,1,51,1,0.8798,False,False
3.36842,0.473684,0,0,0,,,0,51,0,0.6167,False,False
3.57895,0.473684,0,0,0,,,0,51,0,1.352,False,False
3.78947,0.473684,0,0,0,,,0,51,0,0.6816,False,False
4.0,0.473684,0,0,0,,,0,51,0,1.071,False,False
0.0,0.526316,0,0,0,1.075524,0.402,46,51,46,0.098,True,False
0.210526,0.526316,0,0,0,0.9318179,0.4216,46,51,46,0.098,True,False
0.421053,0.526316,0,0,0,0.7853247,0.4216,46,51,46,0.098,True,False
0.631579,0.526316,0,0,0,0.6410039,0.4216,46,51,46,0.098,True,False
0.842105,0.526316,0,0,0,0.5034812,0.402,46,51,46,0.098,True,False
1.05263,0.526316,0,0,0,0.3743848,0.402,45,51,45,0.098,True,False
1.26316,0.526316,0,0,0,0.2580811,0.3824,46,51,46,0.098,True,False
1.47368,0.526316,0,0,0,0.1497837,0.3432,44,51,44,0.098,True,False
1.68421,0.526316,0,0,0,0.1035794,0.3824,31,51,31,0.1236,False,False
1.89474,0.526316,0,0,0,,,1,51,1,0.5683,False,False
2.10526,0.526316,1,1,1,-0.1567341,0.1668,48,51,48,0.0196,True,True
2.31579,0.526316,1,1,1,-0.2739817,0.0688,47,51,47,0.0196,True,True
2.52632,0.526316,0,0,0,,,0,51,0,0.5484,False,False
2.73684,0.526316,1,1,1,-0.5128681,0.0688,44,51,44,0.0196,True,True
2.94737,0.526316,1,1,1,-0.4905522,0.108,42,51,42,0.0196,True,True
3.15789,0.526316,0,0,0,,,1,51,1,1.364,False,False
3.36842,0.526316,0,0,0,,,0,51,0,0.5944,False,False
3.57895,0.526316,0,0,0,,,0,51,0,0.6,False,False
3.78947,0.526316,0,0,0,,,0,51,0,0.7657,False,False
4.0,0.526316,0,0,0,,,0,51,0,0.7081,False,False
0.0,0.578947,0,0,0,0.935684,0.4216,46,51,46,0.098,True,False
0.210526,0.578947,0,0,0,0.7933496,0.4216,45,51,45,0.098,True,False
0.421053,0.578947,0,0,0,0.6528961,0.4216,46,51,46,0.098,True,False
0.631579,0.578947,0,0,0,0.5157757,0.4216,45,51,45,0.098,True,False
0.842105,0.578947,0,0,0,0.3858044,0.402,46,51,46,0.098,True,False
1.05263,0.578947,0,0,0,0.2660182,0.3824,46,51,46,0.098,True,False
1.26316,0.578947,0,0,0,0.153709,0.3432,43,51,43,0.098,True,False
1.47368,0.578947,0,0,0,0.05020936,0.304,44,51,44,0.098,True,False
1.68421,0.578947,0,0,0,0.3399416,0.6176,19,51,19,0.2024,False,False
1.89474,0.578947,1,1,1,-0.1538124,0.1864,45,51,45,0.0196,True,True
2.10526,0.578947,0,0,0,,,1,51,1,0.4057,False,False
2.31579,0.578947,1,1,1,-0.4174475,0.0688,44,51,44,0.0196,True,True
2.52632,0.578947,1,1,1,-0.4893429,0.0884,43,51,43,0.0196,True,True
2.73684,0.578947,1,1,1,-0.6031632,0.0688,44,51,44,0.0196,True,True
2.94737,0.578947,0,0,0,,,1,51,1,1.757,False,False
3.15789,0.578947,0,0,0,,,0,51,0,1.542,False,False
3.36842,0.578947,0,0,0,,,0,51,0,0.6826,False,False
3.57895,0.578947,0,0,0,,,0,51,0,1.521,False,False
3.78947,0.578947,0,0,0,,,0,51,0,0.9486,False,False
4.0,0.578947,0,0,0,,,0,51,0,0.847,False,False
0.0,0.631579,0,0,0,0.7978919,0.4216,46,51,46,0.098,True,False
0.210526,0.631579,0,0,0,0.6607941,0.4216,46,51,46,0.098,True,False
0.421053,0.631579,0,0,0,0.5244058,0.4216,45,51,45,0.098,True,False
0.631579,0.631579,0,0,0,0.3946317,0.402,45,51,45,0.098,True,False
0.842105,0.631579,0,0,0,0.2742045,0.3824,45,51,45,0.098,True,False
1.05263,0.631579,0,0,0,0.1606761,0.3628,45,51,45,0.098,True,False
1.26316,0.631579,0,0,0,0.05464168,0.3236,44,51,44,0.098,True,False
1.47368,0.631579,1,1,1,-0.04614819,0.2648,37,51,37,0.1339,False,False
1.68421,0.631579,0,0,0,,,8,51,8,0.3983,False,False
1.89474,0.631579,1,1,1,-0.2687815,0.1276,46,51,46,0.0196,True,True
2.10526,0.631579,1,1,1,-0.4235939,0.0688,47,51,47,0.0196,True,True
2.31579,0.631579,1,1,1,-0.5166107,0.0884,44,51,44,0.0196,True,True
2.52632,0.631579,1,1,1,-0.5784793,0.0884,44,51,44,0.0196,True,True
2.73684,0.631579,0,0,0,,,1,51,1,2.151,False,False
2.94737,0.631579,1,1,1,-0.5462616,0.1276,43,51,43,0.0196,True,True
3.15789,0.631579,1,1,1,-0.5869119,0.1276,42,51,42,0.0196,True,True
3.36842,0.631579,0,0,0,,,0,51,0,0.7981,False,False
3.57895,0.631579,0,0,0,,,0,51,0,1.073,False,False
3.78947,0.631579,0,0,0,,,0,51,0,1.051,False,False
4.0,0.631579,0,0,0,,,0,51,0,1.018,False,False
0.0,0.684211,0,0,0,0.6637396,0.4216,46,51,46,0.098,True,False
0.210526,0.684211,0,0,0,0.5307761,0.4216,45,51,45,0.098,True,False
0.421053,0.684211,0,0,0,0.4028423,0.402,45,51,45,0.098,True,False
0.631579,0.684211,0,0,0,0.2819544,0.402,46,51,46,0.098,True,False
0.842105,0.684211,0,0,0,0.1672757,0.3628,46,51,46,0.098,True,False
1.05263,0.684211,0,0,0,0.05750308,0.3236,43,51,43,0.098,True,False
1.26316,0.684211,1,1,0,-0.01429665,0.3236,34,51,34,0.154,False,False
1.47368,0.684211,1,1,0,-0.3173488,0.7156,14,51,14,0.3011,False,False
1.68421,0.684211,0,0,0,,,1,51,1,0.473,False,False
1.89474,0.684211,1,1,1,-0.4259476,0.0688,48,51,48,0.0196,True,True
2.10526,0.684211,1,1,1,-0.5717199,0.0688,44,51,44,0.0196,True,True
2.31579,0.684211,1,1,1,-0.657387,0.0688,45,51,45,0.0196,True,True
2.52632,0.684211,0,0,0,,,1,51,1,2.348,False,False
2.73684,0.684211,1,1,1,-0.7070193,0.0884,43,51,43,0.0196,True,True
2.94737,0.684211,1,1,1,-0.3552268,0.2452,39,51,39,0.1033,False,False
3.15789,0.684211,1,1,1,-0.4761494,0.1864,41,51,41,0.1571,False,False
3.36842,0.684211,0,0,0,,,0,51,0,0.762,False,False
3.57895,0.684211,0,0,0,,,0,51,0,1.176,False,False
3.78947,0.684211,0,0,0,,,0,51,0,1.474,False,False
4.0,0.684211,0,0,0,,,0,51,0,1.081,False,False
0.0,0.736842,0,0,0,0.5342292,0.4216,46,51,46,0.098,True,False
0.210526,0.736842,0,0,0,0.4092334,0.4216,45,51,45,0.098,True,False
0.421053,0.736842,0,0,0,0.2877875,0.402,46,51,46,0.098,True,False
0.631579,0.736842,0,0,0,0.1731593,0.3628,45,51,45,0.098,True,False
0.842105,0.736842,0,0,0,0.06357706,0.3432,45,51,45,0.098,True,False
1.05263,0.736842,1,1,1,-0.05595356,0.2256,41,51,41,0.098,True,True
1.26316,0.736842,1,1,1,-0.08017646,0.3236,34,51,34,0.1512,False,False
1.47368,0.736842,0,0,0,0.2598024,0.6372,18,51,18,0.3291,False,False
1.68421,0.736842,1,1,1,-0.4282464,0.0688,46,51,46,0.0196,True,True
1.89474,0.736842,1,1,1,-0.581755,0.0688,47,51,47,0.0196,True,True
2.10526,0.736842,0,0,0,,,1,51,1,2.466,False,False
2.31579,0.736842,0,0,0,,,1,51,1,2.432,False,False
2.52632,0.736842,0,0,0,,,1,51,1,2.333,False,False
2.73684,0.736842,1,1,1,-0.7804516,0.0884,44,51,44,0.0196,True,True
2.94737,0.736842,1,1,0,-0.0429088,0.5196,25,51,25,0.07934,True,True
3.15789,0.736842,1,1,0,-0.02127484,0.5392,25,51,25,0.09023,True,True
3.36842,0.736842,0,0,0,,,0,51,0,0.8309,False,False
3.57895,0.736842,0,0,0,,,0,51,0,1.438,False,False
3.78947,0.736842,0,0,0,,,0,51,0,0.9533,False,False
4.0,0.736842,0,0,0,,,0,51,0,0.9434,False,False
0.0,0.789474,0,0,0,0.4110469,0.4216,46,51,46,0.098,True,False
0.210526,0.789474,0,0,0,0.2918415,0.402,45,51,45,0.098,True,False
0.421053,0.789474,0,0,0,0.1776271,0.3824,46,51,46,0.098,True,False
0.631579,0.789474,0,0,0,0.06735656,0.3432,46,51,46,0.098,True,False
0.842105,0.789474,1,1,1,-0.04211911,0.2844,42,51,42,0.098,True,True
1.05263,0.789474,1,1,1,-0.1166329,0.2844,36,51,36,0.1379,False,False
1.26316,0.789474,1,1,1,-0.0773434,0.3824,31,51,31,0.1887,False,False
1.47368,0.789474,0,0,0,0.06739809,0.5392,24,51,24,0.2995,False,False
1.68421,0.789474,1,1,1,-0.5909377,0.0688,45,51,45,0.0196,True,True
1.89474,0.789474,1,1,1,-0.719393,0.0688,46,51,46,0.0196,True,True
2.10526,0.789474,0,0,0,,,1,51,1,0.6403,False,False
2.31579,0.789474,1,1,1,-0.8457198,0.0688,44,51,44,0.0196,True,True
2.52632,0.789474,0,0,0,,,1,51,1,2.318,False,False
2.73684,0.789474,0,0,0,,,0,51,0,2.161,False,False
2.94737,0.789474,0,0,0,,,1,51,1,1.924,False,False
3.36842,0.789474,0,0,0,,,0,51,0,0.8979,False,False
3.57895,0.789474,0,0,0,,,0,51,0,0.8157,False,False
3.78947,0.789474,0,0,0,,,0,51,0,1.013,False,False
0.0,0.842105,0,0,0,0.2934054,0.402,46,51,46,0.098,True,False
0.210526,0.842105,0,0,0,0.1799023,0.3824,45,51,45,0.098,True,False
0.421053,0.842105,0,0,0,0.07108664,0.3432,45,51,45,0.098,True,False
0.631579,0.842105,1,1,1,-0.03692375,0.304,45,51,45,0.098,True,True
0.842105,0.842105,1,1,1,-0.1692637,0.1864,41,51,41,0.098,True,True
1.05263,0.842105,1,1,0,-0.06370133,0.402,30,51,30,0.1784,False,False
1.26316,0.842105,0,0,0,,,1,51,1,0.3116,False,False
1.47368,0.842105,1,1,1,-0.5978685,0.0688,48,51,48,0.0196,True,True
1.68421,0.842105,1,1,1,-0.7385694,0.0688,46,51,46,0.0196,True,True
1.89474,0.842105,0,0,0,,,1,51,1,0.4784,False,False
2.10526,0.842105,1,1,1,-0.7121164,0.108,43,51,43,0.0196,True,True
2.31579,0.842105,0,0,0,,,1,51,1,2.414,False,False
2.52632,0.842105,0,0,0,,,0,51,0,1.049,False,False
2.73684,0.842105,0,0,0,,,0,51,0,1.373,False,False
2.94737,0.842105,0,0,0,,,0,51,0,1.33,False,False
3.36842,0.842105,0,0,0,,,0,51,0,1.123,False,False
3.57895,0.842105,0,0,0,,,0,51,0,1.082,False,False
3.78947,0.842105,0,0,0,,,0,51,0,1.074,False,False
4.0,0.842105,0,0,0,,,0,51,0,0.8486,False,False
0.0,0.894737,0,0,0,0.1811295,0.3824,45,51,45,0.098,True,False
0.210526,0.894737,0,0,0,0.07381722,0.3432,45,51,45,0.098,True,False
0.421053,0.894737,1,1,1,-0.03413546,0.3236,45,51,45,0.098,True,True
0.631579,0.894737,1,1,1,-0.1484166,0.2452,38,51,38,0.098,True,True
0.842105,0.894737,1,1,1,-0.1474993,0.3236,34,51,34,0.1677,False,False
1.05263,0.894737,1,1,1,-0.1880694,0.3236,34,51,34,0.2261,False,False
1.26316,0.894737,0,0,0,,,1,51,1,0.3359,False,False
1.47368,0.894737,1,1,1,-0.7545361,0.0688,46,51,46,0.0196,True,True
1.68421,0.894737,1,1,1,-0.7754137,0.0884,44,51,44,0.0196,True,True
1.89474,0.894737,0,0,0,,,1,51,1,0.6216,False,False
2.10526,0.894737,0,0,0,,,1,51,1,1.925,False,False
2.31579,0.894737,1,1,1,-0.8849906,0.0884,45,51,45,0.0196,True,True
2.52632,0.894737,0,0,0,,,0,51,0,1.227,False,False
2.73684,0.894737,0,0,0,,,0,51,0,0.8877,False,False
2.94737,0.894737,0,0,0,,,0,51,0,0.7716,False,False
3.36842,0.894737,0,0,0,,,0,51,0,0.9011,False,False
3.57895,0.894737,0,0,0,,,0,51,0,0.89,False,False
3.78947,0.894737,0,0,0,,,0,51,0,1.651,False,False
0.0,0.947368,0,0,0,0.07398587,0.3432,45,51,45,0.098,True,False
0.210526,0.947368,1,1,1,-0.03229859,0.3236,45,51,45,0.098,True,True
0.421053,0.947368,1,1,1,-0.1477038,0.2452,45,51,45,0.098,True,True
0.631579,0.947368,1,1,1,-0.1896565,0.2844,36,51,36,0.1054,False,False
0.842105,0.947368,1,1,1,-0.1493803,0.3628,32,51,32,0.219,False,False
1.05263,0.947368,0,0,0,,,1,51,1,0.5039,False,False
1.26316,0.947368,1,1,1,-0.7127703,0.0884,44,51,44,0.0196,True,True
1.47368,0.947368,0,0,0,,,1,51,1,0.5754,False,False
1.68421,0.947368,1,1,1,-0.9554921,0.0688,45,51,45,0.0196,True,True
1.89474,0.947368,0,0,0,,,1,51,1,0.7151,False,False
2.10526,0.947368,1,1,1,-0.9105126,0.0884,45,51,45,0.0196,True,True
2.31579,0.947368,0,0,0,,,1,51,1,2.415,False,False
2.52632,0.947368,0,0,0,,,0,51,0,1.258,False,False
2.73684,0.947368,0,0,0,,,0,51,0,0.6612,False,False
2.94737,0.947368,0,0,0,,,0,51,0,0.8558,False,False
3.36842,0.947368,0,0,0,,,0,51,0,1.558,False,False
3.57895,0.947368,0,0,0,,,0,51,0,1.156,False,False
3.78947,0.947368,0,0,0,,,0,51,0,1.537,False,False
4.0,0.947368,0,0,0,,,0,51,0,0.9121,False,False
0.0,1.0,1,1,1,-0.03149455,0.3236,45,51,45,0.098,True,True
0.210526,1.0,1,1,1,-0.1452114,0.2452,45,51,45,0.098,True,True
0.421053,1.0,1,1,1,-0.2841334,0.1276,42,51,42,0.098,True,True
0.631579,1.0,1,1,1,-0.1979495,0.3236,34,51,34,0.1439,False,False
0.842105,1.0,1,1,1,-0.2088889,0.3432,33,51,33,0.2726,False,False
1.05263,1.0,0,0,0,,,1,51,1,0.4932,False,False
1.26316,1.0,1,1,1,-0.8149385,0.0884,43,51,43,0.0196,True,True
1.47368,1.0,0,0,0,,,1,51,1,0.5212,False,False
1.68421,1.0,0,0,0,,,1,51,1,0.6605,False,False
1.89474,1.0,0,0,0,,,1,51,1,1.153,False,False
2.10526,1.0,1,1,1,-0.7888239,0.1276,44,51,44,0.0196,True,True
2.31579,1.0,1,1,1,-0.09680602,0.5196,25,51,25,0.478,False,False
2.52632,1.0,0,0,0,,,0,51,0,0.8864,False,False
2.73684,1.0,0,0,0,,,0,51,0,0.7213,False,False
2.94737,1.0,0,0,0,,,0,51,0,0.8887,False,False
3.36842,1.0,0,0,0,,,0,51,0,1.336,False,False
3.57895,1.0,0,0,0,,,0,51,0,1.06,False,False
3.78947,1.0,0,0,0,,,0,51,0,1.179,False,False
